{
  "target": "receiving_yards",
  "count": 50,
  "rmse": 25.665440560649404,
  "mae": 17.795391552593372,
  "hit_rate": 0.46,
  "roi": 0.030914,
  "brier": 0.2988091105664192,
  "crps": 13.405900707188328,
  "calibration_plot": "reports/backtests/player_receiving_yards/calibration.png"
}