{
  "model_type": "RandomForest",
  "r2_score": 0.6267425577997876,
  "mae": 6.468088627108955,
  "features": [
    "is_home",
    "targets",
    "receptions",
    "rushing_attempts"
  ],
  "training_samples": 5504,
  "test_samples": 1377,
  "timestamp": "2025-09-05T21:03:47.021591"
}