{
  "model_type": "RandomForest",
  "r2_score": 0.7040058257960728,
  "mae": 12.592775961556216,
  "features": [
    "is_home",
    "targets",
    "receptions",
    "rushing_attempts"
  ],
  "training_samples": 5504,
  "test_samples": 1377,
  "timestamp": "2025-09-05T21:03:46.734602"
}