{
  "model_type": "RandomForest",
  "r2_score": 0.7023377984087906,
  "mae": 2.2626219759781665,
  "features": [
    "is_home",
    "targets",
    "receptions",
    "rushing_attempts"
  ],
  "training_samples": 3968,
  "test_samples": 992,
  "timestamp": "2025-09-05T21:03:47.832663"
}