{
  "model_type": "RandomForest",
  "r2_score": 0.660398871187714,
  "mae": 10.571360029549203,
  "features": [
    "is_home",
    "targets",
    "receptions",
    "rushing_attempts"
  ],
  "training_samples": 3968,
  "test_samples": 992,
  "timestamp": "2025-09-05T21:03:48.104763"
}