{
  "model_type": "RandomForest",
  "r2_score": 0.9999991261996464,
  "mae": 6.0933789526313204e-05,
  "features": [
    "is_home",
    "targets",
    "receptions",
    "rushing_attempts"
  ],
  "training_samples": 8124,
  "test_samples": 2032,
  "timestamp": "2025-09-05T21:03:47.354817"
}