{
  "model_type": "RandomForest",
  "r2_score": 0.6504280206904693,
  "mae": 14.923031157606758,
  "features": [
    "is_home",
    "targets",
    "receptions",
    "rushing_attempts"
  ],
  "training_samples": 8124,
  "test_samples": 2032,
  "timestamp": "2025-09-05T21:03:47.494321"
}