{
  "model_type": "RandomForest",
  "r2_score": 0.07816374471460508,
  "mae": 0.361432740103293,
  "features": [
    "is_home",
    "targets",
    "receptions",
    "rushing_attempts"
  ],
  "training_samples": 8124,
  "test_samples": 2032,
  "timestamp": "2025-09-05T21:03:47.634684"
}